symbol,open,high,low,close,volume,preclose,stockpctchange,date1,ma10,ma20,ma50,volumeMa10,dollarVolume,range,avgRange,adr,min10,max10,symbolToCopy,pct10d
ACRV,8.510000000000000000,10.290000000000000000,8.310000000000000000,9.590000000000000000,375300.000000000000000000,8.460000000000000000,13.360000000000000000,2024-05-03,9.11,9.28,7.11,312410.0,2996011.9,1.238267,23.117968,15.58984000000001,8.230000000000000000,10.000000000000000000,"NASDAQ:ACRV,",21.506700
ADVM,10.100000000000000000,10.690000000000000000,10.000000000000000000,10.430000000000000000,900500.000000000000000000,10.000000000000000000,4.300000000000000000,2024-05-03,10.06,10.89,8.16,510780.0,5327435.399999999,1.069000,21.487082,7.435410000000009,9.190000000000000000,11.340000000000000000,"NASDAQ:ADVM,",23.395000
ALHC,5.720000000000000000,6.730000000000000000,5.615000000000000000,6.630000000000000000,3024800.000000000000000000,5.260000000000000000,26.050000000000000000,2024-05-03,5.31,5.09,5.15,1055670.0,6999092.1,1.198575,21.072324,5.36162,5.010000000000000000,6.630000000000000000,"NASDAQ:ALHC,",32.335300
AMRX,6.250000000000000000,6.900000000000000000,5.810000000000000000,6.760000000000000000,3851000.000000000000000000,6.210000000000000000,8.860000000000000000,2024-05-03,5.97,5.78,5.75,2117690.0,1.43155844E7,1.187608,21.009035,5.045175000000013,5.370000000000000000,6.760000000000000000,"NASDAQ:AMRX,",25.884500
ANAB,26.760000000000000000,27.020000000000000000,25.640000000000000000,26.580000000000000000,332000.000000000000000000,26.340000000000000000,0.910000000000000000,2024-05-03,22.26,21.91,22.99,523510.0,1.3914895799999999E7,1.053822,21.538548,7.692739999999998,18.870000000000000000,26.580000000000000000,"NASDAQ:ANAB,",40.858500
ARQ,7.840000000000000000,8.100000000000000000,7.770000000000000000,7.970000000000000000,181300.000000000000000000,7.860000000000000000,1.400000000000000000,2024-05-03,7.55,7.29,5.95,258640.0,2061360.8,1.042471,21.818342,9.091709999999997,6.610000000000000000,7.970000000000000000,"NASDAQ:ARQ,",20.574900
BNTC,9.120000000000000000,10.290000000000000000,8.545300000000000000,8.950000000000000000,78400.000000000000000000,8.868600000000000000,0.920000000000000000,2024-05-03,7.57,6.67,5.68,56020.0,501378.99999999994,1.204171,22.433701,12.168504999999996,6.720000000000000000,8.950000000000000000,"NASDAQ:BNTC,",33.184500
CABA,12.830000000000000000,13.000000000000000000,12.200000000000000000,12.390000000000000000,817400.000000000000000000,12.600000000000000000,-1.670000000000000000,2024-05-03,12.13,14.3,17.52,2008420.0,2.48843238E7,1.065574,21.695810,8.479049999999999,10.480000000000000000,13.320000000000000000,"NASDAQ:CABA,",27.099200
CAR,116.430000000000000000,118.200000000000000000,111.880000000000000000,115.600000000000000000,1058900.000000000000000000,113.770000000000000000,1.610000000000000000,2024-05-03,103.15,108.1,111.28,1031090.0,1.19194004E8,1.056489,20.931432,4.657160000000005,94.750000000000000000,115.600000000000000000,"NASDAQ:CAR,",22.005300
CDLX,14.470000000000000000,15.210000000000000000,14.100000000000000000,14.880000000000000000,1065300.000000000000000000,13.970000000000000000,6.510000000000000000,2024-05-03,12.74,12.94,11.92,774160.0,1.15195008E7,1.078723,21.442939,7.214695000000004,11.520000000000000000,14.880000000000000000,"NASDAQ:CDLX,",29.166700
CGC,10.540000000000000000,11.270000000000000000,10.020000000000000000,10.240000000000000000,15724800.000000000000000000,10.340000000000000000,-0.970000000000000000,2024-05-03,9.87,8.95,6.63,2.412529E7,2.470429696E8,1.124750,23.869958,19.349790000000013,7.850000000000000000,14.880000000000000000,"NASDAQ:CGC,",89.554100
COGT,7.330000000000000000,7.720000000000000000,7.330000000000000000,7.530000000000000000,846300.000000000000000000,7.290000000000000000,3.290000000000000000,2024-05-03,6.76,6.68,6.75,1412060.0,1.06328118E7,1.053206,21.357668,6.788339999999993,6.010000000000000000,7.530000000000000000,"NASDAQ:COGT,",25.291200
DAVE,45.820000000000000000,46.319100000000000000,43.220000000000000000,45.140000000000000000,56100.000000000000000000,43.880000000000000000,2.870000000000000000,2024-05-03,43.33,39.33,35.79,109600.0,4947344.0,1.071705,21.839010,9.195049999999982,36.220000000000000000,48.240000000000000000,"NASDAQ:DAVE,",33.186100
DAWN,18.000000000000000000,18.000000000000000000,17.130000000000000000,17.170000000000000000,1163400.000000000000000000,17.570000000000000000,-2.280000000000000000,2024-05-03,16.14,15.3,15.42,2647370.0,4.5455342900000006E7,1.050788,21.600692,8.003459999999984,13.210000000000000000,17.690000000000000000,"NASDAQ:DAWN,",33.913700
DJT,47.470000000000000000,48.925000000000000000,44.290000000000000000,47.930000000000000000,5791000.000000000000000000,48.680000000000000000,-1.540000000000000000,2024-05-03,42.21,37.07,40.94,7581790.0,3.633951947E8,1.104651,23.025552,15.127760000000002,32.570000000000000000,49.930000000000000000,"NASDAQ:DJT,",53.300600
DNTH,24.620000000000000000,26.665000000000000000,23.519400000000000000,25.800000000000000000,203600.000000000000000000,24.010000000000000000,7.460000000000000000,2024-05-03,22.61,23.35,25.45,165710.0,4275318.0,1.133745,21.763057,8.815284999999996,20.990000000000000000,25.800000000000000000,"NASDAQ:DNTH,",22.915700
FLNC,20.040000000000000000,20.930000000000000000,20.020000000000000000,20.900000000000000000,3275500.000000000000000000,19.490000000000000000,7.230000000000000000,2024-05-03,17.66,16.92,16.03,1863630.0,3.8949867E7,1.045455,21.074392,5.371959999999998,15.690000000000000000,20.900000000000000000,"NASDAQ:FLNC,",33.205900
GRRR,5.880000000000000000,6.350000000000000000,5.500000000000000000,5.640000000000000000,348600.000000000000000000,6.060000000000000000,-6.930000000000000000,2024-05-03,5.55,4.27,2.18,671720.0,3788500.8,1.154545,22.515250,12.57625,5.000000000000000000,6.060000000000000000,"NASDAQ:GRRR,",21.200000
IOVA,13.460000000000000000,13.879900000000000000,13.300000000000000000,13.630000000000000000,4292800.000000000000000000,12.880000000000000000,5.820000000000000000,2024-05-03,12.09,12.2,13.99,3832210.0,5.2233022300000004E7,1.043602,21.068830,5.344149999999992,11.320000000000000000,13.630000000000000000,"NASDAQ:IOVA,",20.406400
JSPR,24.370000000000000000,25.095000000000000000,24.041100000000000000,24.520000000000000000,58000.000000000000000000,23.980000000000000000,2.250000000000000000,2024-05-03,22.65,24.5,25.24,65700.0,1610964.0,1.043837,21.425129,7.125644999999992,20.400000000000000000,24.520000000000000000,"NASDAQ:JSPR,",20.196100
LFMD,12.520000000000000000,12.800000000000000000,12.245000000000000000,12.510000000000000000,870400.000000000000000000,12.490000000000000000,0.160000000000000000,2024-05-03,11.53,10.73,9.86,673150.0,8421106.5,1.045325,21.278776,6.393880000000007,10.000000000000000000,12.510000000000000000,"NASDAQ:LFMD,",25.100000
NVCT,6.930000000000000000,8.290000000000000000,6.900000000000000000,8.140000000000000000,110700.000000000000000000,6.760000000000000000,20.410000000000000000,2024-05-03,6.74,6.92,8.31,79380.0,646153.2000000001,1.201449,21.840153,9.200765,6.080000000000000000,8.140000000000000000,"NASDAQ:NVCT,",33.881600
NVDL,37.410000000000000000,38.670000000000000000,36.810000000000000000,38.250000000000000000,15142600.000000000000000000,35.800000000000000000,6.840000000000000000,2024-05-03,34.87,35.94,86.37,1.701857E7,6.509603025E8,1.050530,21.942397,9.71198499999999,31.210000000000000000,38.250000000000000000,"NASDAQ:NVDL,",22.556900
OPRX,10.940000000000000000,10.970000000000000000,10.600000000000000000,10.620000000000000000,103000.000000000000000000,10.700000000000000000,-0.750000000000000000,2024-05-03,9.81,10.09,12.17,178480.0,1895457.5999999999,1.034906,21.112682,5.563410000000002,8.800000000000000000,10.700000000000000000,"NASDAQ:OPRX,",21.590900
PI,162.400000000000000000,163.450000000000000000,158.090000000000000000,161.230000000000000000,336400.000000000000000000,159.730000000000000000,0.940000000000000000,2024-05-03,146.38,134.0,124.42,922190.0,1.486846937E8,1.033905,21.026407,5.13203499999999,120.270000000000000000,161.230000000000000000,"NASDAQ:PI,",34.056700
POWL,162.160000000000000000,163.736000000000000000,156.300000000000000000,159.950000000000000000,317200.000000000000000000,160.580000000000000000,-0.390000000000000000,2024-05-03,150.71,139.87,148.57,427730.0,6.84154135E7,1.047575,21.119083,5.595415000000004,136.130000000000000000,170.010000000000000000,"NASDAQ:POWL,",24.888000
PROP,14.710000000000000000,14.899900000000000000,14.200000000000000000,14.440000000000000000,106800.000000000000000000,14.600000000000000000,-1.100000000000000000,2024-05-03,14.3,14.08,11.7,204780.0,2957023.1999999997,1.049289,22.117221,10.586105000000012,11.820000000000000000,15.130000000000000000,"NASDAQ:PROP,",28.003400
QUIK,13.610000000000000000,14.219400000000000000,13.501100000000000000,13.920000000000000000,210800.000000000000000000,13.430000000000000000,3.650000000000000000,2024-05-03,13.65,13.35,14.95,445010.0,6194539.2,1.053203,21.150222,5.751109999999993,11.780000000000000000,15.460000000000000000,"NASDAQ:QUIK,",31.239400
RCKY,34.630000000000000000,35.689900000000000000,34.000000000000000000,35.110000000000000000,84900.000000000000000000,34.000000000000000000,3.260000000000000000,2024-05-03,28.84,27.66,27.04,57820.0,2030060.2,1.049703,20.998623,4.993114999999992,25.770000000000000000,35.110000000000000000,"NASDAQ:RCKY,",36.243700
RILY,33.620000000000000000,34.419900000000000000,29.620100000000000000,31.100000000000000000,1114400.000000000000000000,33.580000000000000000,-7.390000000000000000,2024-05-03,31.48,26.65,22.6,2784260.0,8.6590486E7,1.162045,22.486898,12.43449000000001,21.540000000000000000,38.550000000000000000,"NASDAQ:RILY,",78.969400
RILYT,18.900000000000000000,18.900000000000000000,17.671000000000000000,18.000000000000000000,9200.000000000000000000,18.220000000000000000,-1.210000000000000000,2024-05-03,17.84,16.95,15.64,38960.0,701280.0,1.069549,20.835137,4.175685000000007,15.080100000000000000,19.128000000000000000,"NASDAQ:RILYT,",26.842700
RNAC,26.240000000000000000,27.290000000000000000,24.776600000000000000,25.600000000000000000,137400.000000000000000000,24.430000000000000000,4.790000000000000000,2024-05-03,21.82,19.53,8.45,118630.0,3036928.0,1.101442,22.299770,11.498849999999994,18.260000000000000000,25.600000000000000000,"NASDAQ:RNAC,",40.197200
SMXT,10.460000000000000000,11.000000000000000000,10.110000000000000000,10.420000000000000000,57200.000000000000000000,10.360000000000000000,0.580000000000000000,2024-05-03,9.61,10.47,9.26,175330.0,1826938.6,1.088032,25.042635,25.213175,8.000000000000000000,11.160000000000000000,"NASDAQ:SMXT,",39.500000
STGW,7.210000000000000000,7.210000000000000000,6.820000000000000000,6.900000000000000000,692300.000000000000000000,7.130000000000000000,-3.230000000000000000,2024-05-03,6.27,5.92,5.84,765840.0,5284296.0,1.057185,20.831093,4.1554649999999915,5.640000000000000000,7.130000000000000000,"NASDAQ:STGW,",26.418400
TCRX,8.790000000000000000,9.090000000000000000,8.550000000000000000,8.560000000000000000,88600.000000000000000000,8.650000000000000000,-1.040000000000000000,2024-05-03,7.76,7.52,7.29,174850.0,1496716.0,1.063158,21.370267,6.851334999999992,7.120000000000000000,8.650000000000000000,"NASDAQ:TCRX,",21.488800
TSL,7.150000000000000000,7.270000000000000000,6.967600000000000000,7.090000000000000000,262100.000000000000000000,7.050000000000000000,0.570000000000000000,2024-05-03,6.62,6.47,6.87,354210.0,2511348.9,1.043401,21.016372,5.081859999999994,5.280000000000000000,7.744900000000000000,"NASDAQ:TSL,",46.683700
TSLA,182.100000000000000000,184.780000000000000000,178.420000000000000000,181.190000000000000000,75491500.000000000000000000,180.010000000000000000,0.660000000000000000,2024-05-03,170.58,167.21,174.17,1.2774344E8,2.31458338936E10,1.035646,20.856216,4.281080000000004,142.050000000000000000,194.050000000000000000,"NASDAQ:TSLA,",36.606800
TSLT,11.180000000000000000,11.510000000000000000,10.750000000000000000,11.070000000000000000,4797500.000000000000000000,10.950000000000000000,1.100000000000000000,2024-05-03,10.05,9.81,11.0,6730240.0,7.45037568E7,1.070698,21.716105,8.580524999999994,7.090000000000000000,12.780000000000000000,"NASDAQ:TSLT,",80.253900
TSLZ,30.730000000000000000,31.978900000000000000,29.800000000000000000,31.030000000000000000,1509600.000000000000000000,31.420000000000000000,-1.240000000000000000,2024-05-03,38.55,41.73,40.36,2696020.0,8.365750060000001E7,1.073117,21.878387,9.391934999999997,27.230000000000000000,58.230000000000000000,"NASDAQ:TSLZ,",113.845000
ULH,44.360000000000000000,44.540000000000000000,42.161300000000000000,42.530000000000000000,57900.000000000000000000,43.940000000000000000,-3.210000000000000000,2024-05-03,40.09,36.72,35.75,116680.0,4962400.4,1.056419,20.973598,4.86799,32.890000000000000000,45.840000000000000000,"NASDAQ:ULH,",39.373700
VIR,10.130000000000000000,10.590000000000000000,10.020000000000000000,10.390000000000000000,1691800.000000000000000000,9.180000000000000000,13.180000000000000000,2024-05-03,8.53,8.63,9.82,1080370.0,1.12250443E7,1.056886,20.945012,4.725059999999992,7.630000000000000000,10.390000000000000000,"NASDAQ:VIR,",36.173000
AEYE,17.740000000000000000,19.700000000000000000,17.510000000000000000,18.450000000000000000,402700.000000000000000000,17.370000000000000000,6.220000000000000000,2024-05-03,15.14,13.94,10.83,313400.0,5782230.0,1.125071,22.671038,13.355190000000006,11.850000000000000000,18.450000000000000000,"NASDAQ:AEYE,",55.696200
ALAB,81.070000000000000000,81.250000000000000000,76.510000000000000000,76.960000000000000000,2141900.000000000000000000,79.060000000000000000,-2.660000000000000000,2024-05-03,76.64,73.94,73.84,2294400.0,1.76577024E8,1.061953,21.890372,9.45186,65.790000000000000000,85.700000000000000000,"NASDAQ:ALAB,",30.263000
ARDX,8.360000000000000000,9.130000000000000000,7.980000000000000000,8.720000000000000000,24971200.000000000000000000,6.790000000000000000,28.420000000000000000,2024-05-03,6.7,6.8,7.7,7263830.0,6.33405976E7,1.144110,21.110975,5.554875000000004,6.310000000000000000,8.720000000000000000,"NASDAQ:ARDX,",38.193300
BILI,14.900000000000000000,15.090000000000000000,14.605000000000000000,14.830000000000000000,7355500.000000000000000000,14.720000000000000000,0.750000000000000000,2024-05-03,12.99,12.18,11.5,1.006667E7,1.492887161E8,1.033208,20.803086,4.015429999999998,11.490000000000000000,14.830000000000000000,"NASDAQ:BILI,",29.068800
CDTX,11.750000000000000000,13.199900000000000000,11.750000000000000000,12.510000000000000000,54000.000000000000000000,12.680000000000000000,-1.340000000000000000,2024-05-03,10.03,5.42,2.64,747040.0,9345470.4,1.123396,23.142421,15.712104999999998,0.512500000000000000,13.000000000000000000,"NASDAQ:CDTX,",2436.585400
CSTL,23.500000000000000000,25.910000000000000000,22.775000000000000000,24.330000000000000000,839800.000000000000000000,22.840000000000000000,6.520000000000000000,2024-05-03,21.12,20.52,20.89,265780.0,6466427.399999999,1.137651,20.955709,4.77854499999999,19.510000000000000000,24.330000000000000000,"NASDAQ:CSTL,",24.705300
ENVX,9.840000000000000000,10.360900000000000000,9.550000000000000000,10.090000000000000000,11963600.000000000000000000,9.470000000000000000,6.550000000000000000,2024-05-03,6.91,6.93,7.91,7275070.0,7.34054563E7,1.084911,21.606257,8.031284999999988,5.840000000000000000,10.090000000000000000,"NASDAQ:ENVX,",72.774000
EWTX,19.740000000000000000,20.120000000000000000,19.440000000000000000,19.520000000000000000,545100.000000000000000000,19.290000000000000000,1.190000000000000000,2024-05-03,17.18,16.65,16.89,657940.0,1.2842988799999999E7,1.034979,21.328389,6.641945000000016,15.080000000000000000,19.520000000000000000,"NASDAQ:EWTX,",29.443000
EYPT,20.300000000000000000,21.255000000000000000,19.710000000000000000,19.740000000000000000,928800.000000000000000000,19.940000000000000000,-1.000000000000000000,2024-05-03,17.69,19.27,21.72,1102200.0,2.1757428E7,1.078387,21.635857,8.179285000000004,16.160000000000000000,19.940000000000000000,"NASDAQ:EYPT,",23.391100
FTEL,6.650000000000000000,9.360000000000000000,6.260000000000000000,7.720000000000000000,2309200.000000000000000000,6.360000000000000000,21.380000000000000000,2024-05-03,7.71,7.42,6.86,1175670.0,9076172.4,1.495208,23.308156,16.540780000000012,6.120000000000000000,9.150000000000000000,"NASDAQ:FTEL,",49.509800
GGLL,41.110000000000000000,41.110000000000000000,38.782400000000000000,40.830000000000000000,434800.000000000000000000,40.570000000000000000,0.640000000000000000,2024-05-03,38.97,37.55,34.42,306830.0,1.25278689E7,1.060017,20.871813,4.359065000000006,36.020000000000000000,43.270000000000000000,"NASDAQ:GGLL,",20.127700
IBRX,9.480000000000000000,10.010000000000000000,8.645000000000000000,9.150000000000000000,14704200.000000000000000000,8.970000000000000000,2.010000000000000000,2024-05-03,7.14,6.32,5.63,2.113641E7,1.933981515E8,1.157895,23.232928,16.16464,4.820000000000000000,9.150000000000000000,"NASDAQ:IBRX,",89.834000
IESC,150.170000000000000000,171.500000000000000000,148.992800000000000000,161.390000000000000000,387400.000000000000000000,136.860000000000000000,17.920000000000000000,2024-05-03,133.36,127.71,118.71,171770.0,2.7721960299999997E7,1.151062,21.066300,5.3315,117.680000000000000000,161.390000000000000000,"NASDAQ:IESC,",37.143100
JANX,63.980000000000000000,65.600000000000000000,59.310100000000000000,64.780000000000000000,1049900.000000000000000000,62.430000000000000000,3.760000000000000000,2024-05-03,53.98,50.68,43.41,880060.0,5.7010286800000004E7,1.106051,22.087426,10.437129999999994,47.100000000000000000,64.780000000000000000,"NASDAQ:JANX,",37.537200
JYNT,13.230000000000000000,16.240000000000000000,13.230000000000000000,16.120000000000000000,261700.000000000000000000,12.860000000000000000,25.350000000000000000,2024-05-03,12.76,12.55,11.99,67010.0,1080201.2,1.227513,20.872501,4.362504999999994,11.940000000000000000,16.120000000000000000,"NASDAQ:JYNT,",35.008400
LBPH,23.500000000000000000,23.955000000000000000,21.070000000000000000,21.375000000000000000,482400.000000000000000000,22.810000000000000000,-6.290000000000000000,2024-05-03,20.63,19.5,20.1,368060.0,7867282.5,1.136925,21.491766,7.458829999999983,18.670000000000000000,22.810000000000000000,"NASDAQ:LBPH,",22.174600
MDXG,7.650000000000000000,7.750500000000000000,7.360000000000000000,7.370000000000000000,832000.000000000000000000,7.500000000000000000,-1.730000000000000000,2024-05-03,6.64,6.56,7.36,1046590.0,7713368.3,1.053057,20.893885,4.469425000000005,6.160000000000000000,7.500000000000000000,"NASDAQ:MDXG,",21.753200
NGNE,36.020000000000000000,37.200000000000000000,35.690000000000000000,36.630000000000000000,44100.000000000000000000,35.390000000000000000,3.500000000000000000,2024-05-03,32.55,34.66,37.9,80640.0,2953843.2,1.042309,21.355039,6.775195000000012,29.870000000000000000,36.630000000000000000,"NASDAQ:NGNE,",22.631400
ORIC,9.770000000000000000,10.050000000000000000,9.480000000000000000,9.710000000000000000,277100.000000000000000000,9.520000000000000000,2.000000000000000000,2024-05-03,8.69,9.28,11.93,477990.0,4641282.9,1.060127,21.301273,6.506364999999992,7.670000000000000000,9.710000000000000000,"NASDAQ:ORIC,",26.597100
PEPG,14.500000000000000000,15.220000000000000000,13.950000000000000000,14.200000000000000000,106200.000000000000000000,14.490000000000000000,-2.000000000000000000,2024-05-03,12.51,12.3,13.52,70140.0,995988.0,1.091039,21.984758,9.923789999999988,11.390000000000000000,14.490000000000000000,"NASDAQ:PEPG,",27.216900
PLSE,8.090000000000000000,8.230000000000000000,7.730000000000000000,7.820000000000000000,169400.000000000000000000,8.050000000000000000,-2.860000000000000000,2024-05-03,7.25,7.35,8.54,137230.0,1073138.6,1.064683,21.417493,7.087464999999993,6.690000000000000000,8.050000000000000000,"NASDAQ:PLSE,",20.328800
PRME,5.920000000000000000,6.090000000000000000,5.450000000000000000,5.590000000000000000,923300.000000000000000000,5.610000000000000000,-0.360000000000000000,2024-05-03,4.93,5.19,6.59,937120.0,5238500.8,1.117431,21.733670,8.668349999999991,4.300000000000000000,5.610000000000000000,"NASDAQ:PRME,",30.465100
PTCT,34.730000000000000000,34.830000000000000000,32.810000000000000000,33.010000000000000000,992500.000000000000000000,33.620000000000000000,-1.810000000000000000,2024-05-03,29.57,27.85,28.8,1091380.0,3.60264538E7,1.061567,21.195989,5.979945000000009,25.210000000000000000,34.160000000000000000,"NASDAQ:PTCT,",35.501800
RENT,13.620000000000000000,14.350000000000000000,12.700000000000000000,14.340000000000000000,243400.000000000000000000,13.620000000000000000,5.290000000000000000,2024-05-03,11.82,11.91,5.28,251060.0,3600200.4,1.129921,26.441418,32.207089999999994,9.870000000000000000,14.340000000000000000,"NASDAQ:RENT,",45.288800
RILYZ,17.180000000000000000,17.223700000000000000,16.330000000000000000,16.560000000000000000,68800.000000000000000000,17.140000000000000000,-3.380000000000000000,2024-05-03,16.35,15.53,14.33,125950.0,2085731.9999999998,1.054727,20.854044,4.270219999999991,14.250000000000000000,17.210000000000000000,"NASDAQ:RILYZ,",20.771900
SKYT,10.480000000000000000,10.540000000000000000,9.900000000000000000,10.230000000000000000,396500.000000000000000000,10.360000000000000000,-1.250000000000000000,2024-05-03,9.7,9.59,10.23,269840.0,2760463.2,1.064646,20.995072,4.975360000000006,8.630000000000000000,10.360000000000000000,"NASDAQ:SKYT,",20.046300
SMTC,39.290000000000000000,39.690000000000000000,38.650000000000000000,39.010000000000000000,1399400.000000000000000000,38.680000000000000000,0.850000000000000000,2024-05-03,35.91,34.49,28.29,2519130.0,9.82712613E7,1.026908,21.152834,5.764170000000002,32.070000000000000000,39.010000000000000000,"NASDAQ:SMTC,",21.640200
TGTX,16.750000000000000000,17.000000000000000000,15.960000000000000000,16.190000000000000000,4804400.000000000000000000,16.420000000000000000,-1.400000000000000000,2024-05-03,14.52,14.43,15.21,5494990.0,8.896388810000001E7,1.065163,21.129035,5.645174999999991,13.320000000000000000,16.420000000000000000,"NASDAQ:TGTX,",23.273300
TSLL,8.180000000000000000,8.430000000000000000,7.860000000000000000,8.110000000000000000,24766800.000000000000000000,8.010000000000000000,1.250000000000000000,2024-05-03,7.35,7.17,7.92,3.706018E7,3.0055805979999995E8,1.072519,21.730348,8.651739999999997,5.190000000000000000,9.360000000000000000,"NASDAQ:TSLL,",80.346800
TSLR,12.300000000000000000,12.600000000000000000,11.800500000000000000,12.180000000000000000,242100.000000000000000000,12.030000000000000000,1.250000000000000000,2024-05-03,11.06,10.78,12.06,700420.0,8531115.6,1.067751,21.681617,8.408084999999987,7.800000000000000000,14.080000000000000000,"NASDAQ:TSLR,",80.512800
TWST,38.280000000000000000,41.770000000000000000,35.175200000000000000,41.210000000000000000,4458400.000000000000000000,32.010000000000000000,28.740000000000000000,2024-05-03,32.28,31.37,34.11,1403300.0,5.7829993E7,1.187484,21.174182,5.870909999999996,29.450000000000000000,41.210000000000000000,"NASDAQ:TWST,",39.932100
ULBI,12.400000000000000000,12.680000000000000000,12.250000000000000000,12.550000000000000000,92600.000000000000000000,12.560000000000000000,-0.080000000000000000,2024-05-03,10.83,9.87,9.49,185840.0,2332292.0,1.035102,21.201135,6.005674999999999,8.410000000000000000,12.560000000000000000,"NASDAQ:ULBI,",49.346000
VRDN,15.080000000000000000,15.500000000000000000,15.010000000000000000,15.400000000000000000,758000.000000000000000000,14.580000000000000000,5.620000000000000000,2024-05-03,13.78,14.77,16.75,822170.0,1.2661418E7,1.032645,21.113807,5.569035000000011,12.700000000000000000,15.400000000000000000,"NASDAQ:VRDN,",21.259800
VTSI,16.530000000000000000,16.675000000000000000,15.850000000000000000,16.520000000000000000,142700.000000000000000000,16.290000000000000000,1.410000000000000000,2024-05-03,14.17,13.4,11.5,242710.0,4009569.1999999997,1.052050,21.726257,8.63128500000001,12.020000000000000000,16.520000000000000000,"NASDAQ:VTSI,",37.437600
XNCR,24.260000000000000000,25.090000000000000000,24.010000000000000000,24.110000000000000000,437400.000000000000000000,23.630000000000000000,2.030000000000000000,2024-05-03,20.85,20.41,21.93,777980.0,1.87570978E7,1.044981,21.063385,5.316925000000006,18.210000000000000000,24.110000000000000000,"NASDAQ:XNCR,",32.399800
YTEN,5.550000000000000000,5.888800000000000000,4.900000000000000000,5.600000000000000000,108300.000000000000000000,0.229200000000000000,2343.280000000000000000,2024-05-03,0.77,0.54,0.39,457830.0,2563848.0,1.201796,22.643872,13.219360000000012,0.216000000000000000,5.600000000000000000,"NASDAQ:YTEN,",2492.592600
AGEN,12.750000000000000000,13.580000000000000000,12.550000000000000000,13.070000000000000000,648400.000000000000000000,12.520000000000000000,4.390000000000000000,2024-05-03,10.34,7.09,3.21,1476470.0,1.9297462900000002E7,1.082072,24.034844,20.17422,5.770000000000000000,13.260000000000000000,"NASDAQ:AGEN,",129.809400
AIP,6.450000000000000000,8.240000000000000000,6.435000000000000000,8.210000000000000000,1105000.000000000000000000,5.930000000000000000,38.450000000000000000,2024-05-03,6.68,6.88,6.93,193720.0,1590441.2000000002,1.280497,21.259815,6.299074999999998,5.930000000000000000,8.210000000000000000,"NASDAQ:AIP,",38.448600
AVTX,15.580000000000000000,16.000000000000000000,13.150000000000000000,14.360000000000000000,91700.000000000000000000,15.390000000000000000,-6.690000000000000000,2024-05-03,15.01,14.65,10.23,76300.0,1095668.0,1.216730,23.011448,15.057240000000016,12.210000000000000000,17.120000000000000000,"NASDAQ:AVTX,",40.212900
CDNA,9.700000000000000000,10.230000000000000000,9.440000000000000000,9.720000000000000000,846400.000000000000000000,9.270000000000000000,4.850000000000000000,2024-05-03,8.36,8.54,9.63,838840.0,8153524.800000001,1.083686,21.288945,6.444724999999996,7.560000000000000000,9.720000000000000000,"NASDAQ:CDNA,",28.571400
ELVN,21.810000000000000000,23.000000000000000000,21.345000000000000000,22.650000000000000000,482500.000000000000000000,20.990000000000000000,7.910000000000000000,2024-05-03,18.34,18.82,17.4,357900.0,8106434.999999999,1.077536,22.121919,10.609594999999983,16.780000000000000000,22.650000000000000000,"NASDAQ:ELVN,",34.982100
ENTA,14.340000000000000000,15.215000000000000000,14.210000000000000000,15.170000000000000000,124500.000000000000000000,13.910000000000000000,9.060000000000000000,2024-05-03,13.4,14.45,14.84,118670.0,1800223.9,1.070725,21.015079,5.075395000000005,12.370000000000000000,15.170000000000000000,"NASDAQ:ENTA,",22.635400
GDS,8.960000000000000000,8.960000000000000000,8.505000000000000000,8.740000000000000000,1002600.000000000000000000,8.850000000000000000,-1.240000000000000000,2024-05-03,7.82,7.13,7.2,1617270.0,1.41349398E7,1.053498,21.151454,5.757270000000014,6.590000000000000000,8.850000000000000000,"NASDAQ:GDS,",34.294400
HCP,32.740000000000000000,32.870000000000000000,32.710000000000000000,32.850000000000000000,7631900.000000000000000000,32.820000000000000000,0.090000000000000000,2024-05-03,31.39,28.12,26.99,1.357722E7,4.46011677E8,1.004891,20.838662,4.193310000000006,24.550000000000000000,32.850000000000000000,"NASDAQ:HCP,",33.808600
HLIT,11.300000000000000000,11.300000000000000000,10.910000000000000000,10.960000000000000000,1951900.000000000000000000,11.100000000000000000,-1.260000000000000000,2024-05-03,10.04,10.37,11.97,3306350.0,3.6237596E7,1.035747,20.934952,4.67476,9.200000000000000000,11.100000000000000000,"NASDAQ:HLIT,",20.652200
IGMS,9.730000000000000000,10.190000000000000000,9.720000000000000000,10.070000000000000000,182400.000000000000000000,9.430000000000000000,6.790000000000000000,2024-05-03,8.78,8.62,9.94,376930.0,3795685.1,1.048354,22.157669,10.788344999999989,6.750000000000000000,10.070000000000000000,"NASDAQ:IGMS,",49.185200
IRBT,9.100000000000000000,9.465000000000000000,8.950000000000000000,9.430000000000000000,1182200.000000000000000000,8.900000000000000000,5.960000000000000000,2024-05-03,7.9,8.08,9.03,1536140.0,1.44858002E7,1.057542,21.749731,8.748654999999994,6.740000000000000000,9.430000000000000000,"NASDAQ:IRBT,",39.911000
LUNG,9.550000000000000000,9.889900000000000000,9.550000000000000000,9.820000000000000000,999800.000000000000000000,9.380000000000000000,4.690000000000000000,2024-05-03,7.9,7.9,8.61,587680.0,5771017.600000001,1.035592,20.920231,4.601155000000001,7.280000000000000000,9.820000000000000000,"NASDAQ:LUNG,",34.890100
LWAY,24.480000000000000000,25.320000000000000000,23.740000000000000000,24.350000000000000000,197300.000000000000000000,24.000000000000000000,1.460000000000000000,2024-05-03,21.78,21.07,16.84,223210.0,5435163.5,1.066554,21.796380,8.981899999999987,19.900000000000000000,24.870000000000000000,"NASDAQ:LWAY,",24.974900
MESO,7.110000000000000000,7.600000000000000000,7.110000000000000000,7.500000000000000000,283200.000000000000000000,7.290000000000000000,2.880000000000000000,2024-05-03,6.58,6.0,4.24,324000.0,2430000.0,1.068917,21.485617,7.4280850000000065,5.530000000000000000,7.500000000000000000,"NASDAQ:MESO,",35.623900
MSTR,1201.010000000000000000,1242.000000000000000000,1172.820000000000000000,1223.010000000000000000,1560900.000000000000000000,1129.420000000000000000,8.290000000000000000,2024-05-03,1218.98,1295.07,1376.08,1412720.0,1.7277706872E9,1.058986,21.785625,8.928124999999998,1028.270000000000000000,1338.640000000000000000,"NASDAQ:MSTR,",30.183700
OCUL,6.060000000000000000,6.395000000000000000,6.030000000000000000,6.170000000000000000,4643000.000000000000000000,5.870000000000000000,5.110000000000000000,2024-05-03,5.03,6.24,8.28,3552240.0,2.19173208E7,1.060531,22.066332,10.331659999999987,4.200000000000000000,6.170000000000000000,"NASDAQ:OCUL,",46.904800
PAHC,16.950000000000000000,17.200000000000000000,16.580000000000000000,17.070000000000000000,114200.000000000000000000,16.760000000000000000,1.850000000000000000,2024-05-03,14.8,13.94,13.25,223170.0,3809511.9,1.037394,20.981953,4.909764999999999,12.440000000000000000,17.070000000000000000,"NASDAQ:PAHC,",37.218600
PARA,14.350000000000000000,14.540000000000000000,12.860000000000000000,12.890000000000000000,67049300.000000000000000000,13.860000000000000000,-7.000000000000000000,2024-05-03,12.45,11.74,11.54,2.790254E7,3.596637406E8,1.130638,21.247654,6.238270000000012,11.390000000000000000,13.860000000000000000,"NASDAQ:PARA,",21.685700
PIRS,10.980000000000000000,11.200000000000000000,10.600000000000000000,11.080000000000000000,31500.000000000000000000,11.240000000000000000,-1.420000000000000000,2024-05-03,10.48,5.32,2.24,227490.0,2520589.2,1.056604,21.454151,7.2707550000000065,0.146100000000000000,12.000000000000000000,"NASDAQ:PIRS,",8113.552400
SGBX,3.880000000000000000,9.300000000000000000,3.720000000000000000,5.540000000000000000,92176200.000000000000000000,2.930000000000000000,89.080000000000000000,2024-05-03,0.96,0.56,0.37,2.609611E7,1.445724494E8,2.500000,25.044373,25.221865000000008,0.110200000000000000,5.540000000000000000,"NASDAQ:SGBX,",4927.223200
SLNO,47.140000000000000000,48.490000000000000000,44.980000000000000000,45.120000000000000000,1599400.000000000000000000,49.230000000000000000,-8.350000000000000000,2024-05-03,42.43,40.44,43.02,819710.0,3.6985315199999996E7,1.078035,21.190880,5.954400000000004,37.340000000000000000,49.230000000000000000,"NASDAQ:SLNO,",31.842500
SPRY,9.660000000000000000,9.760000000000000000,9.390000000000000000,9.750000000000000000,364100.000000000000000000,9.460000000000000000,3.070000000000000000,2024-05-03,8.73,8.92,8.98,504430.0,4918192.5,1.039404,21.112101,5.5605050000000045,8.090000000000000000,9.750000000000000000,"NASDAQ:SPRY,",20.519200
SWIN,13.450000000000000000,13.450000000000000000,12.660100000000000000,13.100000000000000000,91900.000000000000000000,13.210000000000000000,-0.830000000000000000,2024-05-03,12.39,10.92,12.2,312190.0,4089689.0,1.062393,23.527075,17.63537500000001,10.350000000000000000,14.490000000000000000,"NASDAQ:SWIN,",40.000000
TMDX,125.000000000000000000,129.660000000000000000,123.650000000000000000,127.990000000000000000,1543100.000000000000000000,124.440000000000000000,2.850000000000000000,2024-05-03,100.87,95.89,85.72,1319430.0,1.688738457E8,1.048605,21.260015,6.300075000000005,86.510000000000000000,127.990000000000000000,"NASDAQ:TMDX,",47.948200
TNDM,42.920000000000000000,47.000000000000000000,42.456800000000000000,44.720000000000000000,5986900.000000000000000000,36.560000000000000000,22.320000000000000000,2024-05-03,36.38,34.61,32.16,2006540.0,8.97324688E7,1.107008,21.088068,5.440339999999999,31.730000000000000000,44.720000000000000000,"NASDAQ:TNDM,",40.939200
VKTX,74.490000000000000000,77.680000000000000000,72.880000000000000000,76.970000000000000000,3754200.000000000000000000,75.760000000000000000,1.600000000000000000,2024-05-03,72.12,70.52,72.3,2983060.0,2.296061282E8,1.065862,21.119488,5.597439999999998,63.850000000000000000,79.580000000000000000,"NASDAQ:VKTX,",24.635900
ZVSA,5.580000000000000000,6.000000000000000000,5.250100000000000000,5.450000000000000000,374800.000000000000000000,5.740000000000000000,-5.050000000000000000,2024-05-03,3.48,2.08,1.34,1061650.0,5785992.5,1.142835,22.549825,12.749124999999983,0.562700000000000000,5.770000000000000000,"NASDAQ:ZVSA,",925.413200
ATNI,21.130000000000000000,21.690000000000000000,20.845000000000000000,21.620000000000000000,115000.000000000000000000,21.030000000000000000,2.810000000000000000,2024-05-03,22.55,25.1,29.17,179400.0,3878628.0,1.040537,21.170692,5.853459999999999,19.080000000000000000,28.720000000000000000,"NASDAQ:ATNI,",50.524100
BDTX,6.670000000000000000,7.140000000000000000,6.600000000000000000,6.960000000000000000,843800.000000000000000000,6.590000000000000000,5.610000000000000000,2024-05-03,5.7,5.52,5.06,819480.0,5703580.8,1.081818,21.885175,9.425875000000005,5.010000000000000000,6.960000000000000000,"NASDAQ:BDTX,",38.922200
BENF,1.920000000000000000,13.000000000000000000,1.920000000000000000,6.820000000000000000,31007900.000000000000000000,1.920000000000000000,255.210000000000000000,2024-05-03,4.08,2.49,1.05,3197350.0,2.1805927E7,6.770833,32.418087,62.090435,1.920000000000000000,6.820000000000000000,"NASDAQ:BENF,",255.208300
BLTE,41.050000000000000000,43.450000000000000000,40.880000000000000000,43.200000000000000000,57200.000000000000000000,41.100000000000000000,5.110000000000000000,2024-05-03,39.34,38.14,40.98,29730.0,1284336.0,1.062867,21.285911,6.429554999999998,34.480000000000000000,43.200000000000000000,"NASDAQ:BLTE,",25.290000
BTFX,31.090000000000000000,32.070000000000000000,31.090000000000000000,31.924900000000000000,52200.000000000000000000,29.280000000000000000,9.030000000000000000,2024-05-03,32.8,35.19,38.27,72610.0,2318066.989,1.031521,21.359163,6.795814999999994,26.925000000000000000,37.270000000000000000,"NASDAQ:BTFX,",38.421500
BYND,7.410000000000000000,8.290000000000000000,7.280000000000000000,8.230000000000000000,3594200.000000000000000000,7.250000000000000000,13.520000000000000000,2024-05-03,6.68,6.73,7.63,2238120.0,1.84197276E7,1.138736,21.131982,5.659910000000012,6.060000000000000000,8.230000000000000000,"NASDAQ:BYND,",35.808600
CADL,8.340000000000000000,9.390000000000000000,8.340000000000000000,9.020000000000000000,1008800.000000000000000000,8.430000000000000000,7.000000000000000000,2024-05-03,6.92,6.38,3.71,770610.0,6950902.199999999,1.125899,23.247329,16.236644999999996,5.540000000000000000,9.020000000000000000,"NASDAQ:CADL,",62.815900
CDMO,8.310000000000000000,8.450000000000000000,8.110000000000000000,8.250000000000000000,1300200.000000000000000000,8.200000000000000000,0.610000000000000000,2024-05-03,7.39,7.1,7.05,1314580.0,1.0845285E7,1.041924,21.396728,6.983640000000002,6.410000000000000000,8.250000000000000000,"NASDAQ:CDMO,",28.705100
CGEM,27.880000000000000000,29.250000000000000000,27.880000000000000000,28.350000000000000000,975200.000000000000000000,27.580000000000000000,2.790000000000000000,2024-05-03,23.39,20.23,18.34,1693260.0,4.8003921E7,1.049139,22.100469,10.502345000000002,15.630000000000000000,28.350000000000000000,"NASDAQ:CGEM,",81.382000
CLAR,6.350000000000000000,7.550000000000000000,6.350000000000000000,7.310000000000000000,596400.000000000000000000,6.160000000000000000,18.670000000000000000,2024-05-03,6.35,6.31,6.35,181920.0,1329835.2,1.188976,20.910546,4.552730000000005,6.070000000000000000,7.310000000000000000,"NASDAQ:CLAR,",20.428300
CONL,53.660000000000000000,54.340000000000000000,47.180000000000000000,50.310000000000000000,3584600.000000000000000000,53.030000000000000000,-5.130000000000000000,2024-05-03,51.16,54.93,60.45,2355480.0,1.1850419880000001E8,1.151759,23.113081,15.565405000000009,42.390000000000000000,57.850000000000000000,"NASDAQ:CONL,",36.470900
DJTWW,18.950000000000000000,19.560000000000000000,17.990000000000000000,19.400000000000000000,196400.000000000000000000,19.490000000000000000,-0.460000000000000000,2024-05-03,18.21,15.97,17.24,263500.0,5111900.0,1.087271,23.929466,19.647330000000007,14.700000000000000000,20.000000000000000000,"NASDAQ:DJTWW,",36.054400
ELYM,8.400000000000000000,11.550000000000000000,8.400000000000000000,10.155000000000000000,1480600.000000000000000000,8.390000000000000000,21.040000000000000000,2024-05-03,5.69,4.78,3.56,965830.0,9808003.649999999,1.375000,23.604540,18.022699999999993,3.390000000000000000,10.155000000000000000,"NASDAQ:ELYM,",199.557500
FBL,21.400000000000000000,22.170000000000000000,21.210000000000000000,22.010000000000000000,850000.000000000000000000,21.020000000000000000,4.710000000000000000,2024-05-03,22.53,25.47,55.34,1463370.0,3.2208773700000003E7,1.045262,21.393325,6.966625000000004,19.930000000000000000,27.030000000000000000,"NASDAQ:FBL,",35.624700
GRPN,11.590000000000000000,11.656000000000000000,11.030000000000000000,11.220000000000000000,730800.000000000000000000,11.280000000000000000,-0.530000000000000000,2024-05-03,11.07,10.75,13.75,1117390.0,1.25371158E7,1.056754,21.387910,6.9395500000000165,9.580000000000000000,11.670000000000000000,"NASDAQ:GRPN,",21.816300
HAO,8.920000000000000000,10.600000000000000000,8.060000000000000000,8.650000000000000000,239700.000000000000000000,8.910000000000000000,-2.920000000000000000,2024-05-03,6.23,5.42,6.12,107240.0,927626.0,1.315136,23.527146,17.63572999999998,4.820000000000000000,8.910000000000000000,"NASDAQ:HAO,",84.854800
HSAI,5.020000000000000000,5.250000000000000000,5.010000000000000000,5.195000000000000000,617600.000000000000000000,5.090000000000000000,2.060000000000000000,2024-05-03,4.55,4.58,4.69,474590.0,2465495.0500000003,1.047904,21.296430,6.482150000000009,4.040000000000000000,5.195000000000000000,"NASDAQ:HSAI,",28.589100
INO,12.320000000000000000,12.450000000000000000,11.900000000000000000,12.100000000000000000,295900.000000000000000000,12.010000000000000000,0.750000000000000000,2024-05-03,10.99,10.94,10.87,269660.0,3262886.0,1.046218,21.700831,8.504155000000013,10.020000000000000000,12.100000000000000000,"NASDAQ:INO,",20.758500
LRMR,7.870000000000000000,7.890000000000000000,7.430000000000000000,7.765000000000000000,231900.000000000000000000,7.610000000000000000,2.040000000000000000,2024-05-03,6.83,6.9,8.34,255400.0,1983181.0,1.061911,21.334803,6.674015,6.330000000000000000,7.765000000000000000,"NASDAQ:LRMR,",22.669800
LTRN,5.570000000000000000,6.370000000000000000,5.570000000000000000,6.150000000000000000,189700.000000000000000000,5.490000000000000000,12.020000000000000000,2024-05-03,5.49,6.02,6.81,157160.0,966534.0,1.143627,22.131009,10.655044999999985,4.930000000000000000,6.150000000000000000,"NASDAQ:LTRN,",24.746500
MAMA,6.480000000000000000,6.800000000000000000,6.280000000000000000,6.650000000000000000,403700.000000000000000000,6.380000000000000000,4.230000000000000000,2024-05-03,5.77,5.26,5.09,506980.0,3371417.0,1.082803,21.082814,5.414070000000004,5.070000000000000000,6.650000000000000000,"NASDAQ:MAMA,",31.163700
MDWD,18.840000000000000000,19.290000000000000000,18.370000000000000000,18.650000000000000000,40700.000000000000000000,18.840000000000000000,-1.010000000000000000,2024-05-03,18.03,17.14,16.0,62460.0,1164879.0,1.050082,21.516711,7.5835550000000085,15.760000000000000000,19.270000000000000000,"NASDAQ:MDWD,",22.271600
MODV,23.730000000000000000,28.550000000000000000,23.730000000000000000,27.000000000000000000,884200.000000000000000000,21.980000000000000000,22.840000000000000000,2024-05-03,23.54,22.88,25.61,280700.0,7578900.0,1.203118,21.283807,6.419035000000006,21.980000000000000000,27.000000000000000000,"NASDAQ:MODV,",22.838900
MRNA,125.000000000000000000,126.400000000000000000,122.010000000000000000,125.000000000000000000,4513100.000000000000000000,125.590000000000000000,-0.470000000000000000,2024-05-03,111.93,108.49,104.84,4021870.0,5.0273375E8,1.035981,20.942449,4.712245000000004,104.460000000000000000,125.590000000000000000,"NASDAQ:MRNA,",20.227800
MRVI,8.960000000000000000,9.134700000000000000,8.850000000000000000,8.970000000000000000,1808500.000000000000000000,8.800000000000000000,1.930000000000000000,2024-05-03,8.03,8.06,8.04,1658140.0,1.48735158E7,1.032169,21.058656,5.29328,7.370000000000000000,8.970000000000000000,"NASDAQ:MRVI,",21.709600
NISN,7.210000000000000000,8.080000000000000000,7.210000000000000000,7.715000000000000000,56400.000000000000000000,7.100000000000000000,8.660000000000000000,2024-05-03,7.44,6.54,5.46,71530.0,551853.95,1.120666,22.077841,10.389205,6.430000000000000000,8.360000000000000000,"NASDAQ:NISN,",30.015600
NVCR,14.650000000000000000,15.420000000000000000,14.310000000000000000,14.780000000000000000,1145700.000000000000000000,14.190000000000000000,4.160000000000000000,2024-05-03,12.78,13.03,14.19,1104550.0,1.6325249E7,1.077568,21.170175,5.850875000000011,11.830000000000000000,14.780000000000000000,"NASDAQ:NVCR,",24.936600
NVDU,59.460000000000000000,61.400000000000000000,58.640000000000000000,60.790000000000000000,453100.000000000000000000,56.950000000000000000,6.740000000000000000,2024-05-03,55.43,57.06,60.72,475680.0,2.89165872E7,1.047067,21.904326,9.521630000000014,49.540000000000000000,60.790000000000000000,"NASDAQ:NVDU,",22.708900
PALI,7.120000000000000000,7.900000000000000000,6.960100000000000000,7.740000000000000000,162200.000000000000000000,7.290000000000000000,6.170000000000000000,2024-05-03,6.38,5.71,2.52,3720970.0,2.88003078E7,1.135041,24.773635,23.868175,4.930000000000000000,7.740000000000000000,"NASDAQ:PALI,",56.998000
PRCT,62.950000000000000000,64.890000000000000000,60.670000000000000000,64.310000000000000000,1143100.000000000000000000,61.740000000000000000,4.160000000000000000,2024-05-03,55.32,53.31,50.24,846380.0,5.4430697800000004E7,1.069557,21.151747,5.758734999999993,51.190000000000000000,64.310000000000000000,"NASDAQ:PRCT,",25.630000
PRE,5.260000000000000000,5.660000000000000000,5.160000000000000000,5.230000000000000000,22500.000000000000000000,5.330000000000000000,-1.880000000000000000,2024-05-03,4.76,4.15,4.4,339570.0,1775951.1,1.096899,23.449305,17.24652499999999,3.680000000000000000,5.330000000000000000,"NASDAQ:PRE,",44.837000
RUN,11.610000000000000000,12.390000000000000000,11.560000000000000000,11.900000000000000000,12453500.000000000000000000,10.950000000000000000,8.680000000000000000,2024-05-03,10.43,10.86,11.32,1.013378E7,1.20591982E8,1.071799,21.450926,7.254629999999995,9.710000000000000000,11.900000000000000000,"NASDAQ:RUN,",22.554100
SANA,10.000000000000000000,10.476000000000000000,9.870000000000000000,10.440000000000000000,3311400.000000000000000000,9.780000000000000000,6.750000000000000000,2024-05-03,8.98,8.8,9.17,1889330.0,1.97246052E7,1.061398,21.258641,6.293205000000013,7.930000000000000000,10.440000000000000000,"NASDAQ:SANA,",31.652000
SIGA,9.500000000000000000,10.210000000000000000,9.500000000000000000,10.150000000000000000,1096300.000000000000000000,9.440000000000000000,7.520000000000000000,2024-05-03,8.97,8.91,7.77,747610.0,7588241.5,1.074737,21.005189,5.025944999999998,8.350000000000000000,10.150000000000000000,"NASDAQ:SIGA,",21.556900
SITM,92.800000000000000000,94.950000000000000000,91.445000000000000000,92.250000000000000000,185100.000000000000000000,90.270000000000000000,2.190000000000000000,2024-05-03,84.56,82.51,87.97,198910.0,1.83494475E7,1.038329,20.930597,4.652984999999998,73.710000000000000000,92.250000000000000000,"NASDAQ:SITM,",25.152600
SRDX,35.210000000000000000,35.210000000000000000,32.335000000000000000,32.490000000000000000,90400.000000000000000000,34.550000000000000000,-5.960000000000000000,2024-05-03,28.26,27.63,28.7,110390.0,3586571.1,1.088913,21.003047,5.015234999999985,25.390000000000000000,34.550000000000000000,"NASDAQ:SRDX,",36.077200
SWVL,10.590000000000000000,11.430100000000000000,10.590000000000000000,11.290000000000000000,22800.000000000000000000,11.200000000000000000,0.800000000000000000,2024-05-03,11.35,11.6,10.05,72890.0,822928.1,1.079330,24.402398,22.011990000000004,10.040000000000000000,13.700000000000000000,"NASDAQ:SWVL,",36.454200
TREE,51.000000000000000000,51.720000000000000000,48.893000000000000000,49.410000000000000000,238700.000000000000000000,49.330000000000000000,0.160000000000000000,2024-05-03,41.7,39.39,39.36,345860.0,1.7088942599999998E7,1.057820,21.226854,6.134269999999997,35.530000000000000000,49.410000000000000000,"NASDAQ:TREE,",39.065600
TSDD,19.510000000000000000,20.220000000000000000,18.945000000000000000,19.600000000000000000,247800.000000000000000000,19.860000000000000000,-1.310000000000000000,2024-05-03,24.41,26.43,25.55,635900.0,1.246364E7,1.067300,21.826755,9.13377499999999,17.140000000000000000,36.900000000000000000,"NASDAQ:TSDD,",115.285900
TYRA,19.290000000000000000,19.290000000000000000,17.435000000000000000,17.850000000000000000,115800.000000000000000000,18.530000000000000000,-3.670000000000000000,2024-05-03,16.69,15.99,17.29,114770.0,2048644.5000000002,1.106395,21.234338,6.171689999999996,15.110000000000000000,18.530000000000000000,"NASDAQ:TYRA,",22.634000
UFPT,258.680000000000000000,265.940000000000000000,249.480000000000000000,262.140000000000000000,73400.000000000000000000,255.280000000000000000,2.690000000000000000,2024-05-03,224.55,227.42,223.26,70680.0,1.85280552E7,1.065977,21.027144,5.135719999999999,205.940000000000000000,262.140000000000000000,"NASDAQ:UFPT,",27.289500
VABK,29.600000000000000000,30.000000000000000000,28.900000000000000000,29.900000000000000000,25800.000000000000000000,29.480000000000000000,1.420000000000000000,2024-05-03,26.79,26.44,28.36,33760.0,1009424.0,1.038062,20.920897,4.6044849999999915,24.400000000000000000,29.900000000000000000,"NASDAQ:VABK,",22.541000
WGS,19.470000000000000000,21.710000000000000000,19.090000000000000000,19.660000000000000000,716800.000000000000000000,19.500000000000000000,0.820000000000000000,2024-05-03,14.46,12.31,10.34,1225870.0,2.41006042E7,1.137245,22.597891,12.989454999999994,10.390000000000000000,20.920000000000000000,"NASDAQ:WGS,",101.347400
WVE,5.930000000000000000,6.379900000000000000,5.900000000000000000,6.140000000000000000,849100.000000000000000000,5.880000000000000000,4.420000000000000000,2024-05-03,5.18,5.34,5.65,636970.0,3910995.8,1.081339,21.372315,6.8615749999999975,4.660000000000000000,6.140000000000000000,"NASDAQ:WVE,",31.759700
